NAME,PUBLIC_KEY,PRIVATE_KEY
wlesskmvdo@domain,b'03935634bc0615f42c0aff409591180ed8f7150cc3d03b22610c9200618b3781',b'9bca7a0666cfd84e0ba205c303cde8fbe38c4e796d50fc5f842134487b94810a'
xeqmgpfpxm@domain,b'4c5871f41eeeab2dc2692874a42af9afa92a3a96807172b7784030a888a220a1',b'c67ba6cc8b8f74e2f61c45da0b793c4a99b89257ba1cff9186395dd5880c73af'
jallkxacla@domain,b'314be8992083e4e9e1fda4c52db1d70920b99d587d46a0747d02669c71eb1376',b'41e0f6497c1d4ca8884f93c3efc3389e89b3683ef5b939a81dd7dca3a91bbb21'
wmgtdbmthl@domain,b'dfe40406d2c9cf3faad2f437381d90137a38e32a2ebd891a8195e78e292e2751',b'42b43b45239c0d988bb8cfeaf49589df5b8b1415cc58940abf103d46e13919cb'
jgwbrdbekm@domain,b'5336b762b72b39ff42450a5fbd72c796b309a7db414aac9cb1b4dbec52e48166',b'e373a17466c05a5dc6a3ee649011fc8a2ff8c643a88224c44c4c93e8a433bc60'
zckcluazkf@domain,b'5f29c3f5583bc54aae5518c26389a494f282a1b3541b03b7f9206f80a10ca732',b'a79dd89ac0af62b8adc52d8e8cd368be1080501a335aba05bccc9f7dbf6d2252'
qnpaltuidg@domain,b'4c46cccdb19edccc830601bea5e3fe1182e18c4a13046246beb38626d6354c2a',b'ba8647cbff9c0bcf9b62452fbfe3c34f17f2009dd7445bba4804b2604e9f6b36'
wsdltevwdo@domain,b'a4125c60e744a6083919c45778e53dff3a6b7f90ed77ffbf0cc36873d4d5bc75',b'e347a0614219ea98915051e3363bff19c43045afdb67495d4b10b2afdec7d58a'
borflqwynd@domain,b'834f7a92a54cd08ec5bde8b01ec627d5b928dabd33672be7ea2f562c6e14b1ae',b'1e95a0fcc68b0bc1f3e6d3d71dc329aec87e9a28bef658e8a0f1af834ffab6f4'
zsmodgbvlb@domain,b'197c9b8f1ac34f4a09eb36f3e40d15d81959559dce054ec09fa98d40b9491585',b'f8431959badc8813b95fd05bc91808d3f9ca04e2571e27ca98c7baf3e383f200'
lcjniroizg@domain,b'a792520c383c4c102f69da1ac1449a3e009e504a49ba49a63925077e7b3b2148',b'3232b291c1d0212b808469542444074b723b02e3c55dde2cf62a05afa9f1a715'
uoxpzqhfil@domain,b'72da3de6d838f2374b4ef95361357c03025571a20427244d7f32ebeaf955d315',b'b9ef6d17a480667a4f56bd6dc5c53256f4e4549baabbf85f1e6d257458459ce4'
gztpwrytwg@domain,b'9458a7b903853ffb8d8717ba106c6298d674ae0daef410201a36d81b2439307e',b'2d4d99a22cfa9ed3f8dca0313a1e861c8d9d7ed301c9c60445d6cc902ca7f20c'
tmmafiorjr@domain,b'e136abf7c1d50c5495d4bc2e00812b4a12b3f46c4368da891a6244011f32d97e',b'aecb860d64f920fe2cdea7dcdb58e71c6bd3779b5073750bc8573bdb4187b043'
jaavvbvpcr@domain,b'c20ae7e811505e283a4a0549ea1336e6a57a6f061073b3da0dbe95c147ab561b',b'7cd2b72b8f5b21e59a57b6c6111c48d9eed293cdfb8816f66d0ca0ef28919c0e'
gcypdabdyo@domain,b'78141f3c0dcfdc2e41f253a3b25b23601c64d811f91f74bb6ce94cdcb6655c91',b'b319c17ae95dab73b591169f9f005a7d9604c39868d56c36a3ccf7d98fdc9989'
czeeohlbxu@domain,b'877cf9dabb2987710fafc8c848ac9e9e069074acc8d7d72a3f3b169717afd2a1',b'a9033ad39a22b70333c307a439b93c45ba5b5fb31c92d9ffdfb40c44e36ab125'
nkivatcvlf@domain,b'86f7630f13ed51a954d47556c54fd9104f67ca825193380d02099176817ef3c3',b'16ceef67245264835ca3af3abbf1f872a89c842f932314139562d76489a37c1d'
mtyaozvpul@domain,b'0caf2a8d7f96ed32361b418896b00894b241a2280732b7d1fe932eec026f10a5',b'4d4a57fa524935796567b908db6f4b3a589e4dddd38c9fbb7687f89a921297e3'
ybeblvbawp@domain,b'dd2cc6065df9c5792549d4321ddcf7586e3f3dd0c1f158420f50b704b6606c3d',b'2aeb53e570faad70199b0c2b543f784251feb1f3fd7d7fd99745c3eb8853fd2c'
kumsbfgnyx@domain,b'9b7bedb43ff5b8963490024c212bbc2a9431baa591734dddde909f2ff44fba5d',b'2b92187ab3df5ee86b9d75de3cc14cabe8e544289adc24edf46eb93554282559'
qajcnrenfs@domain,b'8be6cd1653d13a554dcdc84aaeaf8448a1f1cb3726a40accf9b6dc7652976fb7',b'9fbf2386cef22bb3daab910e81b0bcd1ebdf51a32ac40737403a9bb45b126f1f'
wiclmjqpiu@domain,b'e7236e379c9bfebdae63f03c40b7e1cf0a1a97512eabfe713fca18fe44bb803f',b'd89f612bd9431023521ed82fa76c2fbdfab942abfcc16e2d71ada9bc9394eb57'
mbawqvhayy@domain,b'f9a41814cb95724f013bb654898a4144abc45ca7dc59fe4c2fd903f97b0722fe',b'078cb90675b7b68d731bfe93954337fae88a94f05735281fde465477365f7034'
mjfvkvabyv@domain,b'13fbe058b3fc5cbc0fa097f720b844a12947514afbaf5285d8e05daebe35c6d1',b'e2b471a1e0d9294e15d013a223a72ae0170481e062dbecccfff2c868183eb95c'
vxfhprxjrk@domain,b'28b80e1fd9aa064aa19c47842da718ab3ec3c01221a991707f513f06eb770a84',b'8ff40cff6712f850bbb6533bc86fa63f75b9624e1656efafdecc029828ee76d2'
barrprsote@domain,b'0928706f00d00949eb7b491bb3fd52c92030e8ad2d79466745b3507d1514ee25',b'61fe8421747bff03aed6eea310f861ed16a2746f1629951011d656661e1c5146'
qxrehicaul@domain,b'b0ac9d34ddabb6f22fce13103d7572d57aba983bee9a70bdcf6257bc50e3d60d',b'bc8a51440e56b0e7d7821d817e67878f3a3f38e6e926ad8bbc7908b1927131b3'
lycvweqlsy@domain,b'167e45fbf0c482922666d3de9a5bfd9ee13abf6e25c2a965d77c846209c6c458',b'ce61cf964776bb610d575f2b49bf9f1f829cd50f06699e37f1e6d7190b557419'
oauuduklzh@domain,b'c2052e1fe1df3c49723abbdc57d47bfcab6270b0e2e3684ea6ea6a9d16543ef6',b'ed9266f1a22364d96272dd5ca4acb1e0b9b41d05b4b57c3f27ace5df17d88ef7'
yudeopepkc@domain,b'8430c3237a5f4656fa9a56efc14e044b2d537401227135c4615fdcbaa0c1872d',b'8e9b9a437070cfaec129a2a549fe614019fec2c1e04ecdd07824f770bc731f45'
xmitpcgnww@domain,b'1a1e883771189ab5b26478e2f4d798155bc9b237361c07be19dfada6f254b762',b'13f5abb698a36d264c4f1a43367e3cf12799ac9217655743405262b46be0aaf0'
ngposqlshp@domain,b'152a67019be9a511e71941480b2a22d9e69950e1d894b9bbe0844aa4cec818a5',b'72d773d1be37158e54315886e8e766d672769d119411925cfd9c44bfe1de4074'
iqyrmulill@domain,b'a31e7d7027a76a57495ee7045c40ca88df2eaf51446a7bbf5b75282ab4ec90ab',b'7678575eba057a3bd909088e01da8a2a7eb5045c59d5d2507373d489dcb8dafc'
dgjokasyaj@domain,b'28231153db3a024da58686ddb629ac7438514f72bd470004e2f834e7a6d3bbe0',b'10e801f373968158cf9d11e46943c4d360dd3935238ae37e5bc9e1f2579af699'
flokoqanzy@domain,b'b0964a6d374df9b4bf147a7c8c0cafe67c8a9772ef195f6d0dbbe5d7c6c1cf2d',b'3412a0ec6ba939b9f10eeaa38e809acc4266dbb86d7124e3353a490935c1b63c'
umkcyugqqq@domain,b'c57b1b8166659b8ddeda7b55720c9d1134c438823e0478e806932aea0953ac8d',b'60bab4cc49d832c2b22d9783b7e96b555512594808b1e1fbed4dac90654dbfe9'
cpkgzloqym@domain,b'c5a10173513b05f5c93df2e5e42d741cf88267535fbcc0422c80fe3a887f8a58',b'18e21063f8c10a1cb56c18a0d82dc3f8419e7d89eb1801fbd0473ae88482184a'
rzjycyfyiz@domain,b'84c29d95a8977bc2e36bc3a9c41f454548a68df541b2e48bbfe9e0421868158c',b'2164ab1d329d2be4981e83d50651fbf724dd8eb0dc5f3ec431f5b4ef05897d31'
xoeececvzr@domain,b'8e7d202badad9d0443fc7e5c2e76335acf2560f6e7343b3f6d9d52233f9535ab',b'c10b6c5cc0ebe4f4364180051e2f7790b07651e20eed2d116e5521038661faac'
xalwfoolir@domain,b'929024ea4014774687cc3468ed4ebac007fa891e4634d46045c3b3d4baf43a85',b'f5b14487ef738059d3ca819021a60c3ebd3593d4e449b35e018739b4fd012e08'
sstrcpojkn@domain,b'eb97ec6430c077fbca8b96b4899e2a5d0b7c52c680f3c42180852062108ca9ed',b'fbb8a0a45d05d636dfc6cc5b80aa2522986dbbfc5cae0a83f0a2a9be9fc250b6'
gywchapiyf@domain,b'54a018a6aefb63ba642798f86b573363c33477a079f262bf0816470d979556ab',b'7366423949ee1a2aa802d20e860a643b0c7220ff2c6345b38abb6a2b11fb83eb'
mmuhxoqzcf@domain,b'8da3019dff15510a992b44de42951ea997503b39b2213ed7d20ea12fd0a2e04e',b'f5331a99ed9e86ef64fdd727491047095cd141025b16eae81af9b2373840ce12'
mlccsvkowy@domain,b'4887dae44cb75c275fea493ac29a3fc1f3a21f9303c238b5bafaaec6be375c45',b'e37a1a89f46f584495404d573fb54745277a6181f97770d24cdf03ebde4006ec'
iavkttqkfe@domain,b'8b5831b61946cbe47a7b17c4461dd1bc3a716f40596b07a51a5f6a4677caee08',b'6aaaf8b39a418ccd2a0fa2e3f015dbc11df5792e4801fd095ec787040e19e683'
iivnegyfsx@domain,b'eb9524d52a997f8622d74f31142940aa83ca6b4b74002b47b40c19989c3a5414',b'045167bfed91e4e74e58d1aba10a2d79715c9e7f65b37258c45a1d2117837906'
wzmesjgzzb@domain,b'2df98badb4785dac7a8d17de187b53f5b8497b0cb8dfe0b1621e3780ebd1ded9',b'c397b6b2c8165bc8f37d053a004989d5051a583f7e041f6b6d0c944ecf022ef3'
bqzihyyryu@domain,b'4fafdd5726440d048cf7d9a8d9dfa118be7714df9a80165561d64ba7c3daf6fc',b'5c27f42da0324fb6934c8b3994c0bc67ce6679b3beac4109a411e9b6840d2363'
imucfyodqz@domain,b'34d7886bee595ebad570a3f012aef41c0979577bb324013d1fcff6a6ef7c7249',b'ef98e26862476ab01e3a5bce7a1ddae3c6fe8625e3ff596c4597db6522f5709d'
yezdloqfdn@domain,b'5bc2fc70161c77e26493cac2b95b2dd071df588970c01f4ed9d5f4d0d4a298c3',b'70c791932e7e0838aeea881399ab1798d0b6fe9e55338f67d3b59ecf1247226f'
dplguujpdg@domain,b'1cd9a6c0c90ee5847abee590343f3539b97042eaaa6c74ed549486bcbb64a7aa',b'5f350af9de4028669c86621ce0b6019092ffa49b3a88059244c36bbf6db4a29e'
cnceaaiwkq@domain,b'7b62090030403144207300625fa3f5b9083e71f641bbfeb29897c2bac83f2052',b'83e7bbb5fa386082e0be7e174475a4c942bea431152d68ec633958cbabe8bc88'
popsmststa@domain,b'19cea362bd502ae52d74c1cd23d5eb2ec37043974bfe48650bb4931c69517636',b'2beefc804e302afc51872d3d210b7fa1da43a6b17442a717ad3b603e3d3dadce'
helededjlg@domain,b'c21e824a953fa6d3c5512e18fc27abc9ed5ab58122e1fb2a8615c77ab6bfc509',b'0efabd210a3c9d18fca2b256b3e43dedc2d42422f5af4e2880433d522d19ff80'
exbntsmffu@domain,b'68c817e0f55f61555d1aad021958d98abe862bf6c8e48ee7dd59ed7b5056b9be',b'11c3d90c82f420a2146d462976a48bf09051e24e82f2e2c2e67ef666b1d83ddb'
qehbzgoejr@domain,b'cc97af5fdb9e0345a7c9f77783bbd3f57cdc8cdc0ed68cae5f3a0bb69e41ff8d',b'ef56ac1174538f19531af636974d044a4c6262e1bd3d90b935e4be9cfee4991f'
vxycrclsnm@domain,b'734d4b7ddc58a4b6d5195a23baf20f21ecdbb13c4c5a791a90507ea3022c11da',b'ccfaac77fc006968b936a566ae2539ad3380742d91808b758880d07c01363be9'
aognzwtdja@domain,b'6145ee3c185a7d0ddd35be82aa33573fbf4e7f73a1106f4e60277cb07b7b69d5',b'9e8bbb8ce4c8f556356802c2d7c00498eb05b3c249660ab94028765373eeecc0'
onieyjglim@domain,b'd19287cce670a56aa1c626b4494609a5c93dd3ff599846bf1c4440984e474a01',b'01f72c7d749daeee89f770dd68e738e330c6111606af18a5dc9fe16bbf8be000'
rjuemrsara@domain,b'3f0f7c1029009feea400ebe2a078daa4db6827bc01ee0361a2d967407d6fb173',b'fb7e34623d28642fe97917f263268aca7f89521d4ceed0f4dc77a83d57e72e7d'
rkvkxopndj@domain,b'ef207a81b96b9f5d4199ac2f982549588dc7ca24b6c8f623ad72234a5804efce',b'cdbd26e43e640dbf1f9e3ea83bc6b0739823071790f99325ef33bc9012b0385c'
mnzdbwhkap@domain,b'3a35c27951a6c0252e9b6532ebfab7c53fff679d6602b657a4fc27dea7fe3a76',b'789efe1b8937ccc8d460ebb7e76718606bd4c5879ad2dcc83f741bd4bcb3c9e9'
pjzctcnylw@domain,b'7f880b1d5c4984a90fe7b1e505f14cccd052c46de7b54d262dc5373912b492c2',b'a630668f69f749da891a1e23880be07b54e615ed9165353bd3bbf7c29f589eb6'
lmomxdcmcy@domain,b'64b179559925780ff9520d6fc64b5a781eea1689d2bcf709f026d4f8cfe5bf5b',b'01af7a36662f77e8b0bfd4093afbee6f5bc93e2d42a7d05deb1e80fd9870c394'
qhzsohbxko@domain,b'a450e6864de8a9b6851e26d9e1477c33b0141684da4f6afe9897aa0c40518ec9',b'db05b3962ce187d86c504495b1e5dd946e9a5ab6662c8bedee3424722192bd97'
ipybqflcai@domain,b'dc27531bb23390557f1de6bc7b1d39fc9a4601a5c11457ecfd041c2c66340aac',b'd80a38db75e262e5cebc674c4d61a387064f9efcdc2749b2314bfacb3818a3fe'
xsvpyrpptj@domain,b'81b1b45f1fb3b67deb6f2e511a2a02359f10885644c361a14e9fbc51a0c34900',b'565c762e816fe64f6ab9e00be0be685c62b3e5619e3fec017e77c2f8756f4b46'
ymrreozmwy@domain,b'8a1e70cb6d5239ce6f54d90b37b3c3f14e913ce97f4ecb75ccb221eef67097ed',b'd6407242058b750450c405d6622e8525fb2e9ebed866dcedfab296e1c6188ee1'
uxhrygqvzq@domain,b'013379eb33323a22b14eb49ef432e4e3734cb8fb80a95a0bdd74f734a7e99661',b'5f5e7f8fe39c580c34eac8b309e708d45418230ee1850e8fd1ef5ac6d05a6cac'
xxukguzgtt@domain,b'3fa44b61ad6a1dddce1118544876e681799b442b0ea9b977fe0f72cfb9bf2c92',b'01ef2646c94fc203335db4c066e7ec75b2490a3b45c3cfd98fade2ba5fd4fc45'
zybpmefytv@domain,b'9305bc47168a6ddfd095d38d29aaa4e87c6ab4b48d756bc42d691d9dbfe16472',b'674655d04f19b51784fd28045d397d67643050ab9f9015346689879f0b559968'
uchaivyntd@domain,b'3bccd41558232770a6c1c7634e2d90969fa61c1fd65bf86dc000f38e4d77d34d',b'61abbbb6e3044a9ec881765fd11058eb1791953de26d90639094ef5d8caa5a62'
nmjnetykhu@domain,b'c3ce1e7f56916d59b1e3b1eca94b5bae36369d203f223f6cf095a22f41c8d536',b'4862a497630f773e20afe7a545b80678485c9ebce2d76c13d59c1e6bf89aacfc'
mvvabyhxtn@domain,b'4de089e0a6d657aa1d2fa76160229de48d7123d4a5ae11e9c7b14b20b128c5de',b'96103031364bd05fe78d6a438904c9aa907d63f09841ec41c7598566507f06f9'
ngrvxqovyv@domain,b'1e755960cd10fb19dcd01c4f5492bd8ddc190f794d2ca3d43c77d5cf7c4b6b99',b'bb867fa7f5030e1cba99364299beac1e31e8a93aa97b51ee18c6051cce6a978e'
hapnffenmr@domain,b'1f12ebb518ab510d54f08c28ad0ed3805e14220c8a97f18665d033b728de533e',b'6713535cae889e381069b8bfd9bf09fdbea5ac6fa863a309d1ff832edb06d28f'
atngarjful@domain,b'0ed87f1d551d9f111d374394e2601cdb11657ba1bb0aa4b1269c656514f454f1',b'd2752fb3dadaf3a775e07f0cf9af77c60c5c157a80f59f7a1de2c7aaa758ecdd'
fdtngrepcz@domain,b'987e0bd4ce4712ad27703254efcca4ec0a4a44b55f9e4966988a79c42af3d435',b'4a734679386011ff171111a881c0d5d4c5cd50ad826131ff2fa39ceec6bb25f4'
tfmcidsekf@domain,b'442a38fa98c41ed456f588ff69e78c1a7c6894372629debaec4062c677bbd43c',b'3a758152e5ce18a75f7d56dc157de9ae19090e9fabe8da1a0e46bfef53b6f34e'
hgxyngnbot@domain,b'2938b9c63010832e6fd294325f67e0c4f9747244f1574ebb9d8df1aa5e790068',b'85b8d2bf68596dd7165bdcd6157f172f3144b299311f54530528609bf3fb7269'
xdxsasakpk@domain,b'ffa2e4f9efe00a3051e7c8d09952002c0f92ba54188e71f8ab093114a4cbeaf8',b'8506c2353e07d55bc9bc6801e95161f4b43d637bca9e55a0160033db57c5befa'
qyjfxfijiq@domain,b'f9a53279ed665ea09ea291cb7a3c41622472b6b20bdda2a5fdbe6907f19f68ee',b'7929fe0e73ca3772c83b99f136501f63f3ac3d1b54d095dcd08e179a22c45506'
wpjgdfkemj@domain,b'ca26a5bbfebc863eda50557d35c43deca3238d65c5a20d9cfa1591f60ab45b05',b'3b4446e4499a9389b530475384c1a93124a307bb298479c6aa79c0e7533eab8b'
wthblouhjr@domain,b'249dd65bb4956023ae56337ede6884f48128cbe9686f85da2b5306e1276e48c7',b'1e09955106979351699896b1add6b248aea76b4ebb964ea69eff150f88c938ab'
tzznscffya@domain,b'cb04b5142b289c2af18bba1fdb14e932dcb6d1cb1709dcc9e2a4d38475267dbc',b'04956863ad73f2da57f23a1f263ca74bf2cb8200b9d8036faacee706a65cd51d'
tpyzyttccq@domain,b'30a4efa68bd24f88e1cb4cb33ea28e9aefe48abf4807b6240ad0516cc0170103',b'99f72ab6d6630c91cad4782c26b8e74e6ab6d863eadb86e9870865d403557943'
dzncvogkro@domain,b'646e54326d4f58dfa14db59acd85f3dfa6a891ebed9094cc74907701e31e76e9',b'8480c8adec43b080d26e20d34f5a89b2ba0fbc9fefedeeb1dec88867d8b96391'
mtdwriyhsf@domain,b'22c07557ddc9d56331b1476e0e5dde694f9f1f76ce321822cdf0697593d163a7',b'f3e5b760a582b3502785251f2fba3bbde13f6d07d2ead82b4d2f92fbe6544cc4'
uzwmhcwgrp@domain,b'af698ff0b4dd6268cedf5930e7eccb97a332b9ab3c3a55762bd008cd92980438',b'c71adf0c9a5d8a8c99597ccdc71aefc575d19b2e1c569bbc1fefd19cf5f58f8f'
ntlxdsnamz@domain,b'4d4e77f9e5943cbd4ca9772bb6054af49ed4441e1dd78c22393e0df3c22a9cdd',b'2378358a6c0f946516d0ab470a1b23e1e680ab6b4f514033ed3f8b56a205e9ca'
kafamjwmla@domain,b'0b2e8a896cf952f2700bfc3d3ecc1336ac70b6056b4ccb24978ff5ed57a55efb',b'b0bd4b6f3070eec23c343e8e37be638f307f1674a4b61001acb8dfaddc3f7416'
luqegbybpa@domain,b'4f7b891d2ec608bb043e13178a621485b1f6b79b4c45e387f5d7db746b4e13bc',b'6e1f7297f3d876577ad57dd472362bb23f9d95cabb0b723adeb4607a4df0d908'
urrjrklbhe@domain,b'789f8aea866aefe0ff82d88b5eaaf37e17b14a9470cb197715bb9c1d8335e5fc',b'717a22671338c13ba4696a752699b48985e0fa9397b56547bd76fd40804a7336'
sedfzofnvi@domain,b'16d0233a612687265d3b1ef28725d6f42de0178d3c3ee77229fe9c0f9e4c0ab1',b'c6979076dd533acc2643cea58b5872bc4a90cf917a7a5372e8f1f68fedb2391a'
tucojlreej@domain,b'dccf6ea97638298e45ce71447d2755b829fcf662bd3239eeac6228fc901f1ae5',b'3e03288eefcda2513177aada8aa6ca4fb2d264b1842ad4c5354f6e4048aaea08'
moypykayvd@domain,b'474b3f8379b46a69574518c29e2f6b58152259c3f0523c696c09ab59fb4f3c14',b'383cbcf3e7ba4ffb3f191f49998c3c97df0e9014923993b46ccf4ced619d164d'
okqsbduskg@domain,b'7295dbbe440cfd0a4766bc7954680d76c5420dadaae8ff8b893bafb65771be0a',b'8e8b9e342d6c644a6f6fd30d7242c89c0e5fe74787006517c7f1dd2184cd0f7e'
opxeuhjuzj@domain,b'1010c46aec0b7b9481cfee82692aa567b76c2d36816bd984607098a9ec2987e1',b'bd29ecb824c3e71c7b9dd8bcab02b9f30d87e82a43124b404371c383c98e5656'
